No.,x_1,x_2,y
0001,0.31122218 ,0.87640081 ,0.70361078 
0002,-0.43431982 ,-0.58963750 ,-0.30514274 
0003,-0.94549956 ,0.75236867 ,1.33762564 
0004,-0.59281524 ,0.03983365 ,-1.91730798 
0005,0.72437486 ,-0.11413067 ,2.83270064 
0006,0.13372166 ,0.36078998 ,-0.83367717 
0007,-0.84354258 ,-0.08729855 ,-1.13923088 
0008,0.47651398 ,-0.92399693 ,4.92409638 
0009,0.48474467 ,0.87489913 ,0.54427798 
0010,-0.51819040 ,-0.48006944 ,0.55152579 
0011,0.98668553 ,-0.28658850 ,6.23669647 
0012,-0.77990301 ,0.19409046 ,-0.40448174 
0013,0.46143604 ,-0.47764766 ,1.07392646 
0014,-0.09807302 ,0.28014902 ,-0.82976861 
0015,-0.09435514 ,0.30439920 ,0.21402668 
0016,-0.38384618 ,-0.19527284 ,0.48107670 
0017,0.40115902 ,-0.51625541 ,3.86902303 
0018,-0.41814853 ,-0.44512256 ,-1.63919379 
0019,-0.25057772 ,-0.12613444 ,-0.61946228 
0020,-0.41827934 ,-0.51496738 ,2.87520146 
0021,0.72038048 ,-0.20554348 ,2.90770833 
0022,0.12999219 ,-0.02076122 ,-0.24998961 
0023,0.97948028 ,-0.63264861 ,8.10718856 
0024,-0.93473486 ,-0.33608396 ,0.57131859 
0025,0.28873292 ,-0.66152408 ,3.14718017 
0026,0.08654047 ,-0.49717305 ,1.42217480 
0027,0.83095320 ,0.79119305 ,1.46899489 
0028,-0.11452004 ,-0.37649010 ,-1.69780586 
0029,0.50758355 ,-0.73610504 ,3.28583698 
0030,-0.20825807 ,0.77104246 ,-2.95633909 
0031,0.68816144 ,-0.42385871 ,2.21732440 
0032,-0.02324073 ,0.45807223 ,-0.69654709 
0033,-0.56744759 ,0.95266903 ,0.74252931 
0034,-0.39119284 ,0.93540577 ,0.56227468 
0035,-0.61994905 ,-0.99640135 ,0.69356757 
0036,0.73545358 ,-0.76338418 ,3.96385845 
0037,0.19638905 ,0.20862701 ,0.29336730 
0038,-0.98498519 ,0.37786673 ,1.74148118 
0039,0.74707291 ,-0.77344710 ,4.74379438 
0040,-0.51612634 ,0.12066662 ,-0.22890282 
0041,-0.39838182 ,0.59628343 ,0.60717751 
0042,0.56218453 ,-0.29780314 ,1.13930061 
0043,0.41740923 ,0.98585688 ,-0.94380119 
0044,-0.77286732 ,0.82575085 ,0.71974627 
0045,0.70361190 ,0.61982761 ,0.07090733 
0046,-0.50560029 ,-0.89162232 ,0.46474651 
0047,0.55446486 ,0.02212818 ,-0.42242669 
0048,0.98077056 ,0.00187985 ,3.42026242 
0049,-0.65223372 ,0.25127279 ,-0.06882688 
0050,0.50197077 ,-0.69296240 ,2.64658154 
0051,-0.71209840 ,0.70121531 ,-0.44127587 
0052,-0.44960701 ,-0.98797805 ,1.49150248 
0053,-0.00518343 ,0.07568568 ,0.85993045 
0054,0.44568714 ,0.33617186 ,-1.36690766 
0055,0.10099071 ,0.91975016 ,0.31279153 
0056,0.61714142 ,0.96906471 ,2.01851832 
0057,-0.57232599 ,-0.93073988 ,0.12032671 
0058,-0.97241089 ,-0.05257850 ,1.12754405 
0059,-0.50209544 ,-0.22715440 ,-0.67694973 
0060,0.66177297 ,0.64929364 ,0.96288897 
0061,-0.23887966 ,0.85173709 ,0.64029606 
0062,0.47526615 ,0.89383200 ,0.48947634 
0063,0.58375837 ,-0.09565300 ,2.68196446 
0064,-0.21913834 ,0.47675302 ,1.44635893 
0065,0.04659812 ,-0.14016940 ,-0.29304629 
0066,-0.35319724 ,-0.77825956 ,0.32357130 
0067,-0.31578966 ,0.63423770 ,-0.10770038 
0068,0.04224410 ,0.54861942 ,-1.98157907 
0069,0.25090030 ,-0.30670263 ,0.53900607 
0070,0.14923313 ,0.72787528 ,-0.90893417 
0071,0.34490193 ,0.80366274 ,-0.63952224 
0072,-0.40343170 ,-0.00695946 ,0.14695417 
0073,0.00282918 ,-0.44600952 ,0.76827960 
0074,0.14849911 ,-0.17439120 ,-0.52279020 
0075,0.40552961 ,0.01349430 ,0.75272522 
0076,-0.87013693 ,-0.28284008 ,-1.22257109 
0077,-0.59299189 ,0.62755917 ,-0.21361653 
0078,-0.89284966 ,-0.24989684 ,0.73515069 
0079,-0.66940476 ,0.82443779 ,-0.26309780 
0080,-0.34044066 ,-0.59152866 ,1.25343088 
0081,-0.86005370 ,0.90006790 ,-0.43057991 
0082,-0.42710827 ,0.37425823 ,-1.68426663 
0083,0.02417330 ,0.44265386 ,1.55984978 
0084,0.46420770 ,0.49969604 ,0.29121258 
0085,-0.52101661 ,0.04170095 ,-1.38894750 
0086,0.68477581 ,0.32586582 ,2.60391570 
0087,0.58775520 ,-0.06178959 ,1.42750706 
0088,0.37515850 ,0.97370445 ,1.13399256 
0089,0.65916169 ,0.41216953 ,1.69699107 
0090,0.50574824 ,-0.00655559 ,2.32578893 
0091,-0.86394461 ,0.93709188 ,-0.44975515 
0092,0.09395417 ,-0.19406018 ,-0.68523466 
0093,0.44833234 ,0.22736470 ,2.33033794 
0094,0.13324117 ,0.62263832 ,0.14419478 
0095,0.88805839 ,0.74290430 ,1.85358305 
0096,0.57764633 ,-0.05393872 ,3.72123747 
0097,-0.35503682 ,0.95229307 ,-0.70555890 
0098,-0.85433839 ,0.50244721 ,1.00794241 
0099,0.84467619 ,-0.34595141 ,5.18436515 
0100,0.07650067 ,-0.07341024 ,1.94388268 
0101,0.90381301 ,-0.84745422 ,6.89538426 
0102,-0.53014711 ,-0.20220889 ,-1.10373449 
0103,0.66502663 ,0.99074762 ,1.44294077 
0104,0.40790566 ,0.86460640 ,1.01015151 
0105,0.13670784 ,-0.23830494 ,1.17877006 
0106,-0.27354276 ,-0.18476111 ,-0.54935513 
0107,-0.06320248 ,0.00682769 ,2.40746175 
0108,-0.58713796 ,-0.32279265 ,-0.19081520 
0109,-0.02613512 ,-0.47556203 ,0.95294650 
0110,0.75665540 ,-0.87809956 ,5.22849445 
0111,-0.83148400 ,0.12647523 ,-0.01659240 
0112,0.53611580 ,-0.53381946 ,3.33572504 
0113,-0.08205227 ,0.72196304 ,0.07385299 
0114,-0.29224167 ,-0.30562740 ,-0.72949196 
0115,0.90505629 ,-0.40359802 ,3.13857815 
0116,-0.27740589 ,0.48325819 ,0.28078498 
0117,0.40178435 ,-0.98754843 ,3.69748143 
0118,0.80299124 ,-0.36331034 ,4.23338344 
0119,-0.40440964 ,-0.74997124 ,-0.12022780 
0120,0.63537549 ,0.96235141 ,1.61795658 
0121,-0.83235824 ,-0.32457602 ,-0.94392055 
0122,-0.36438922 ,0.96889681 ,0.59015096 
0123,0.49850252 ,0.68370347 ,-0.19678040 
0124,0.80619522 ,-0.78975174 ,6.39892910 
0125,0.45874388 ,0.43493920 ,-0.72618067 
0126,-0.10842200 ,0.01757446 ,-0.10643659 
0127,0.71943409 ,0.35544982 ,2.38550407 
0128,0.06248574 ,0.91179168 ,-0.38669260 
0129,0.08303605 ,-0.43667931 ,0.81822236 
0130,0.36972756 ,-0.58348322 ,2.55917822 
0131,-0.34764766 ,0.76169441 ,-2.07087325 
0132,-0.79518442 ,0.91823381 ,0.91009757 
0133,-0.68889482 ,-0.82086119 ,-0.15185894 
0134,0.33779139 ,0.66260336 ,1.29957701 
0135,0.42542184 ,-0.05480499 ,2.36500704 
0136,0.91611896 ,0.01155112 ,3.23767944 
0137,0.57962237 ,-0.52722607 ,1.76446666 
0138,-0.07060120 ,0.23877360 ,-0.13348568 
0139,-0.75475220 ,-0.75241294 ,-0.86692325 
0140,0.47146561 ,-0.17738379 ,2.41300458 
0141,0.87022823 ,-0.20186668 ,1.86820890 
0142,0.14237220 ,0.49533995 ,-0.81833641 
0143,-0.01413136 ,-0.55669449 ,2.52434101 
0144,-0.03538942 ,0.07999217 ,-1.18401592 
0145,-0.80811000 ,-0.87966917 ,0.65019723 
0146,0.54295661 ,-0.60860854 ,6.20307021 
0147,0.36860029 ,0.31369296 ,2.47857250 
0148,-0.93261641 ,-0.15149346 ,-0.25849297 
0149,0.16700894 ,-0.83346051 ,2.72567632 
0150,-0.89538956 ,0.11366107 ,0.35437486 
0151,-0.02417875 ,0.23520129 ,-0.97939380 
0152,0.29131732 ,-0.23871542 ,-0.47200839 
0153,-0.24497696 ,-0.47427839 ,-0.92767387 
0154,0.24584810 ,0.04585552 ,0.29154877 
0155,-0.56441593 ,0.71710723 ,1.28793074 
0156,-0.43212198 ,0.23078570 ,1.04370644 
0157,0.90969462 ,0.83920649 ,1.48684818 
0158,-0.67471397 ,0.59350284 ,-0.74305229 
0159,-0.68235140 ,-0.28834377 ,0.50036599 
0160,0.16556239 ,0.17235533 ,1.31097618 
0161,0.15015654 ,-0.98004521 ,3.42235489 
0162,0.21761672 ,-0.04017264 ,0.17618284 
0163,-0.48380723 ,-0.03798093 ,-1.29731666 
0164,-0.90279540 ,-0.66151637 ,-0.78946122 
0165,-0.60417989 ,0.21138613 ,1.06540232 
0166,0.62122993 ,0.60447403 ,1.70040374 
0167,0.71875571 ,0.56216904 ,0.68663256 
0168,0.98668650 ,-0.81275094 ,7.61642278 
0169,-0.56964695 ,-0.51225380 ,-0.75275928 
0170,-0.60427532 ,0.01366675 ,0.63544285 
0171,-0.21078556 ,0.16892968 ,-0.23984909 
0172,0.42928573 ,-0.19692729 ,1.92489879 
0173,0.84096996 ,0.50167778 ,1.06876870 
0174,0.59363158 ,-0.71446834 ,3.97516229 
0175,0.22137590 ,0.40759347 ,-0.27841918 
0176,0.45736687 ,0.77456936 ,-1.45551873 
0177,-0.72356732 ,0.72612996 ,0.15795880 
0178,-0.17737165 ,0.91828268 ,0.88282770 
0179,0.96199423 ,-0.53296839 ,4.70831213 
0180,-0.23083560 ,0.00054510 ,-0.24853876 
0181,0.95326319 ,-0.01428964 ,3.45322069 
0182,0.98998052 ,-0.47800398 ,5.79698161 
0183,0.92851323 ,0.34230207 ,2.09837853 
0184,0.06225305 ,-0.99707365 ,2.62177935 
0185,-0.19123229 ,-0.39758883 ,1.44743098 
0186,-0.07870361 ,-0.42470498 ,-0.36276055 
0187,0.16436267 ,-0.69386261 ,0.13999477 
0188,0.16112955 ,-0.42597050 ,0.71902984 
0189,0.44964939 ,0.71662336 ,2.00067094 
0190,-0.58792525 ,0.53648972 ,0.22291144 
0191,0.83784498 ,0.20507452 ,3.38819476 
0192,0.48734991 ,-0.22979545 ,1.49523757 
0193,-0.92648053 ,-0.05575425 ,0.17476959 
0194,-0.44206012 ,0.03572182 ,-0.85255269 
0195,-0.40498365 ,0.30094819 ,0.36776061 
0196,0.72221293 ,-0.58016985 ,4.10626587 
0197,0.77576605 ,-0.48694398 ,6.16146562 
0198,0.23831471 ,-0.66930847 ,3.05932410 
0199,0.31138620 ,0.09290517 ,-0.00562573 
0200,-0.91968723 ,-0.53324918 ,-0.95659895 
0201,0.26691007 ,0.97219619 ,-0.65500721 
0202,0.51416788 ,0.77265622 ,0.46136350 
0203,-0.68217295 ,0.62184157 ,0.04990475 
0204,-0.76742494 ,0.75144123 ,1.13318968 
0205,-0.80543730 ,0.81687891 ,-1.29616640 
0206,-0.92050061 ,0.97713578 ,1.95538227 
0207,-0.24662162 ,0.00864851 ,0.35541179 
0208,-0.90225041 ,0.45185531 ,1.08861873 
0209,-0.08221835 ,0.16458962 ,-0.89011524 
0210,-0.65874917 ,-0.20161319 ,0.55554707 
0211,-0.54790913 ,-0.27798661 ,-1.42403629 
0212,-0.83283577 ,0.02533107 ,0.77930263 
0213,0.80922700 ,0.44719183 ,1.64814130 
0214,-0.40396589 ,0.38342327 ,0.52925378 
0215,0.84909662 ,-0.83749445 ,6.05477742 
0216,-0.74346989 ,-0.49417768 ,1.35735942 
0217,-0.60744617 ,-0.75729269 ,0.11087228 
0218,-0.37075850 ,-0.23591817 ,0.52950321 
0219,0.67835896 ,0.36047277 ,1.28051382 
0220,0.28577962 ,-0.57183710 ,2.14665080 
0221,0.35038229 ,0.20204697 ,-0.02933837 
0222,-0.27119726 ,-0.65703785 ,1.33434856 
0223,-0.01466618 ,-0.29075429 ,1.01560730 
0224,-0.52639039 ,0.68966690 ,1.53006910 
0225,0.69245673 ,-0.25962630 ,2.91666004 
0226,0.72266950 ,-0.07218161 ,2.97272863 
0227,0.39061362 ,0.92183455 ,0.50945859 
0228,0.27315315 ,0.14178498 ,3.18539505 
0229,0.72753114 ,-0.66032150 ,3.35337329 
0230,-0.51299127 ,0.50355871 ,-1.05193311 
0231,0.96588102 ,0.41927741 ,1.21745919 
0232,0.71659479 ,0.81882297 ,2.95846770 
0233,0.14119941 ,0.12575846 ,-0.84250221 
0234,0.02735812 ,0.09694383 ,-1.55768921 
0235,-0.01221392 ,0.07023454 ,-0.80886613 
0236,0.24633783 ,-0.94736921 ,2.35191899 
0237,0.06599907 ,-0.34645253 ,1.07471748 
0238,-0.27613455 ,-0.73015873 ,1.39187177 
0239,0.28111768 ,0.31754829 ,1.01015159 
0240,0.48911543 ,0.68435515 ,0.60491869 
0241,-0.69626260 ,-0.23867145 ,0.77817625 
0242,-0.65727124 ,-0.34004944 ,0.60145072 
0243,0.61258519 ,-0.55562414 ,3.31395048 
0244,-0.19132370 ,-0.19941423 ,-2.58981207 
0245,-0.15137845 ,0.22709177 ,2.08788168 
0246,-0.56019844 ,-0.29183784 ,-0.82819218 
0247,-0.41700393 ,-0.62322092 ,-1.91861314 
0248,-0.10119164 ,-0.51271961 ,1.02491387 
0249,0.05722153 ,0.82827034 ,1.50469990 
0250,0.17085192 ,-0.76204924 ,2.24737359 
0251,0.76723061 ,-0.15104814 ,3.50501077 
0252,-0.85847284 ,0.84954486 ,1.49164027 
0253,-0.79100066 ,0.40045015 ,-0.35935566 
0254,-0.83019050 ,-0.57104227 ,-1.36015008 
0255,-0.54669373 ,0.40600878 ,0.53647234 
0256,0.09457327 ,0.10696684 ,0.46589420 
0257,0.97091390 ,0.26855641 ,3.25002208 
0258,0.81837391 ,0.14167327 ,1.94975045 
0259,0.91427832 ,-0.12015376 ,4.05676659 
0260,0.44052472 ,0.35755668 ,-0.87889543 
0261,-0.83675325 ,-0.45104118 ,1.27836776 
0262,0.11871414 ,-0.07074446 ,0.20227172 
0263,0.54797184 ,0.30784084 ,1.62184550 
0264,-0.67795819 ,-0.13524635 ,-0.44731841 
0265,-0.24933544 ,-0.03925554 ,-0.95543087 
0266,0.55429288 ,-0.23211228 ,3.57105120 
0267,-0.03813319 ,0.45836044 ,1.99818928 
0268,0.03450881 ,0.80613750 ,-1.21298243 
0269,0.74643868 ,-0.83461414 ,5.31899861 
0270,-0.95614035 ,0.61656110 ,0.53191611 
0271,-0.66921551 ,-0.63679307 ,0.39364563 
0272,-0.57247296 ,-0.40379028 ,0.74389552 
0273,0.00230019 ,0.81892961 ,-1.04877196 
0274,-0.12649614 ,0.14450949 ,-0.14059977 
0275,0.64763313 ,-0.74780235 ,4.25977655 
0276,-0.99575595 ,0.90221472 ,2.53231100 
0277,0.50260832 ,-0.72227033 ,3.08855116 
0278,-0.69731888 ,-0.00655864 ,0.09049899 
0279,0.26573759 ,0.37680300 ,0.68530518 
0280,0.45864345 ,0.71969142 ,0.90475845 
0281,-0.63881725 ,0.14661309 ,-2.05398115 
0282,0.81210347 ,-0.84531443 ,5.32623058 
0283,0.16123510 ,-0.04952969 ,2.32534578 
0284,0.06155628 ,-0.54537934 ,1.62766853 
0285,-0.70273489 ,0.31623236 ,0.06135883 
0286,-0.54138750 ,-0.63554397 ,-1.33574187 
0287,-0.70078582 ,-0.59450521 ,0.47257184 
0288,-0.96818332 ,0.91502870 ,0.74415980 
0289,0.94222133 ,-0.40480865 ,5.09081942 
0290,0.72467842 ,0.79280981 ,0.42870320 
0291,0.32143912 ,0.88246188 ,1.81221736 
0292,-0.78412949 ,-0.64220154 ,0.37010751 
0293,-0.90106296 ,-0.85743024 ,-0.19092508 
0294,0.69978764 ,0.99408289 ,-0.51324599 
0295,0.08521493 ,0.72269635 ,0.83523124 
0296,0.69070113 ,0.75774577 ,1.96151729 
0297,-0.76502124 ,0.01804451 ,-1.72954914 
0298,0.66222301 ,0.85602171 ,-1.05697354 
0299,0.76747464 ,-0.22427421 ,2.85384450 
0300,-0.45709415 ,0.73576629 ,0.36509766 
0301,-0.10425454 ,0.41927772 ,0.67039005 
0302,-0.65176425 ,-0.51080743 ,0.34044667 
0303,0.61722502 ,0.70674201 ,0.80108454 
0304,-0.76901238 ,-0.83943810 ,-1.02881018 
0305,0.65781110 ,-0.57078059 ,4.11228746 
0306,0.30937663 ,-0.94770710 ,4.49350678 
0307,0.84512609 ,-0.01537374 ,4.15890761 
0308,-0.73729263 ,0.51956694 ,2.25236124 
0309,0.66541515 ,-0.48119768 ,2.54991299 
0310,0.04462956 ,-0.20528580 ,0.29625843 
0311,0.98780728 ,0.20895692 ,5.01305197 
0312,-0.01911557 ,-0.12410688 ,0.89046415 
0313,0.48813314 ,-0.11419187 ,0.10336842 
0314,-0.82435631 ,0.59597192 ,0.99567532 
0315,-0.93532889 ,0.11413366 ,0.52077584 
0316,-0.77918390 ,-0.56670525 ,0.85465446 
0317,-0.72267623 ,0.76379840 ,1.50077686 
0318,-0.97448887 ,-0.24568149 ,-1.39774483 
0319,0.08044559 ,-0.79667513 ,0.08244498 
0320,0.86645822 ,0.94318377 ,0.92793201 
0321,0.28841081 ,-0.86410540 ,1.61763608 
0322,-0.92079231 ,-0.06128137 ,-0.71788048 
0323,0.98261384 ,-0.14587530 ,4.91195607 
0324,0.44849407 ,0.16178343 ,1.21024851 
0325,0.41088238 ,-0.98994223 ,5.57811063 
0326,0.85371915 ,-0.98340869 ,7.90487933 
0327,0.53467174 ,0.99427379 ,0.15186218 
0328,0.83908441 ,0.28399861 ,0.94287004 
0329,-0.46367817 ,0.52768753 ,1.53571727 
0330,-0.79149401 ,-0.06048245 ,-1.01843071 
0331,0.84541581 ,-0.35935474 ,5.54789206 
0332,-0.48030667 ,0.75612589 ,-1.28153297 
0333,0.51838768 ,-0.93662140 ,4.68168864 
0334,0.13374183 ,-0.24718091 ,-0.28880519 
0335,0.58431368 ,-0.70911304 ,3.86387803 
0336,-0.97430851 ,-0.62677595 ,-0.29653825 
0337,0.67645215 ,-0.71788606 ,5.15122416 
0338,0.38213383 ,-0.93101476 ,3.54174326 
0339,0.94278082 ,-0.77509724 ,6.98069908 
0340,0.27708274 ,0.18836583 ,0.44456471 
0341,0.13570532 ,-0.14699150 ,-1.17672391 
0342,-0.41882669 ,0.12267010 ,-0.23290269 
0343,0.86155172 ,0.95553832 ,-0.13546067 
0344,0.32346989 ,0.20554580 ,0.52194539 
0345,-0.28748732 ,-0.04884312 ,0.29383034 
0346,0.91929039 ,-0.82183147 ,7.44322318 
0347,0.18155149 ,0.82439351 ,-1.12746238 
0348,-0.41341071 ,-0.89682359 ,0.47821090 
0349,0.53675150 ,-0.43402925 ,2.21894834 
0350,-0.33742072 ,-0.09349730 ,0.61552329 
0351,0.01977131 ,-0.23497162 ,0.97447361 
0352,0.93051550 ,0.25653471 ,1.56016744 
0353,0.23660356 ,-0.23395979 ,3.12394435 
0354,-0.42634543 ,0.41238286 ,-0.26197280 
0355,-0.61357792 ,0.37887020 ,-2.47087656 
0356,-0.63113177 ,-0.90868335 ,1.42740511 
0357,0.67958877 ,-0.76368951 ,4.48800636 
0358,-0.75954282 ,0.14418505 ,1.83170347 
0359,-0.48722968 ,0.97973087 ,-0.03009640 
0360,-0.58295525 ,0.33165432 ,0.38790669 
0361,0.24539964 ,-0.87292422 ,1.98327543 
0362,-0.66749693 ,-0.53744384 ,-1.11717055 
0363,0.80351263 ,0.58658340 ,1.46246534 
0364,0.66410941 ,0.50766911 ,1.41990724 
0365,-0.21181364 ,-0.28144408 ,-1.25557434 
0366,-0.31664599 ,0.09734119 ,-0.64569123 
0367,0.29090475 ,0.02704168 ,1.37934207 
0368,-0.80563359 ,-0.07257288 ,-0.11020623 
0369,-0.62565586 ,0.22266029 ,-2.13733861 
0370,0.15145390 ,0.68468940 ,-0.07569071 
0371,-0.12195023 ,-0.70188583 ,-0.89559155 
0372,0.51333958 ,0.59221247 ,-0.38297918 
0373,-0.76958651 ,-0.24981674 ,0.25390439 
0374,0.68355316 ,0.33047690 ,2.39656177 
0375,0.88623578 ,-0.77460102 ,6.56037355 
0376,-0.03839190 ,-0.86695862 ,2.19493561 
0377,-0.00553974 ,0.54260686 ,-1.28720810 
0378,-0.47508507 ,0.30213874 ,-1.31005019 
0379,0.27709147 ,-0.23011381 ,2.21501197 
0380,0.30583136 ,-0.23702187 ,0.59821689 
0381,-0.31972089 ,0.83785307 ,-0.08471894 
0382,-0.11500610 ,-0.09162836 ,1.39170512 
0383,-0.56176210 ,0.76480559 ,-0.53225233 
0384,-0.31647023 ,0.53205489 ,-1.28129788 
0385,0.23761281 ,-0.09395768 ,-0.66322516 
0386,0.19816234 ,0.20313670 ,0.87034029 
0387,-0.31455874 ,-0.01340149 ,0.19624947 
0388,0.77560520 ,-0.88988431 ,4.54484567 
0389,0.29956557 ,0.52814178 ,1.71134425 
0390,-0.74935042 ,-0.27104565 ,-0.00312606 
0391,-0.24848366 ,0.72691698 ,-0.57794564 
0392,-0.73305002 ,0.34530103 ,-1.51021851 
0393,0.73703040 ,0.50231464 ,1.22588521 
0394,-0.99953787 ,-0.70107254 ,-1.18990995 
0395,0.74485004 ,0.20250229 ,1.64703772 
0396,-0.43141385 ,-0.12936839 ,0.80017340 
0397,0.85021129 ,0.01058490 ,3.54479882 
0398,0.43852785 ,-0.95217424 ,4.09592692 
0399,-0.90693107 ,-0.15493722 ,-0.42178055 
0400,-0.95474403 ,-0.86985192 ,0.63532191 
0401,0.06828573 ,-0.26640706 ,0.17880230 
0402,-0.69725267 ,-0.70078280 ,-0.79054550 
0403,-0.32806781 ,0.56805569 ,-0.33456689 
0404,-0.07040397 ,-0.73749490 ,2.02527404 
0405,0.34911485 ,0.67031928 ,0.47225414 
0406,0.96783395 ,0.95957974 ,1.48122543 
0407,0.24914141 ,0.45648485 ,0.13809380 
0408,0.69965659 ,-0.61816359 ,3.75751695 
0409,-0.99441916 ,-0.69409442 ,-0.13778154 
0410,0.02126721 ,-0.22956824 ,-0.14423212 
0411,-0.99288911 ,0.63048489 ,1.82949612 
0412,-0.10332124 ,-0.51182846 ,2.19557721 
0413,0.64794177 ,0.70438130 ,0.98776816 
0414,0.94139795 ,0.68248803 ,0.34547361 
0415,-0.52480223 ,0.63514176 ,-0.18004674 
0416,-0.06737556 ,0.90307244 ,1.61067426 
0417,0.53056973 ,0.14906718 ,3.59005175 
0418,-0.00913518 ,-0.66797525 ,0.48880898 
0419,-0.40712779 ,0.11659698 ,-1.35166885 
0420,-0.86204431 ,-0.66643084 ,0.15992941 
0421,0.62217684 ,0.42091139 ,3.56391771 
0422,0.99685358 ,0.97490961 ,0.92901679 
0423,0.91695761 ,0.06091810 ,2.87882979 
0424,-0.37635819 ,0.79034156 ,0.60952588 
0425,-0.99530249 ,0.28041969 ,1.17230172 
0426,-0.50973849 ,-0.87175554 ,-0.52642001 
0427,-0.79455928 ,-0.03256195 ,-0.73325624 
0428,-0.23742198 ,0.77353023 ,-0.30569844 
0429,-0.43230426 ,-0.90363771 ,-0.15063791 
0430,-0.52164797 ,-0.94148303 ,1.23224302 
0431,-0.98472889 ,0.22184136 ,-0.06060548 
0432,-0.50210665 ,0.30491945 ,-0.70926275 
0433,-0.79265575 ,0.07112979 ,-1.15359353 
0434,0.76687741 ,0.33291402 ,2.66370321 
0435,0.52532213 ,0.61402755 ,1.41470256 
0436,0.42085462 ,0.37732708 ,-0.06570798 
0437,0.06329699 ,0.74638792 ,-0.87465685 
0438,0.00080155 ,-0.13447357 ,1.39580091 
0439,0.26036670 ,0.96607244 ,0.74314247 
0440,0.68127304 ,-0.06237244 ,2.55721286 
0441,-0.64179176 ,0.26892339 ,2.76306470 
0442,0.06802750 ,-0.04077150 ,1.05154714 
0443,-0.81457256 ,0.76159909 ,-0.09047039 
0444,0.35692727 ,0.13149529 ,0.69355065 
0445,-0.35897431 ,0.20315960 ,0.64830878 
0446,0.36503563 ,0.89346694 ,-1.13949416 
0447,0.02205785 ,-0.77974332 ,1.58186618 
0448,0.37757180 ,-0.70516602 ,4.05801635 
0449,-0.20189753 ,0.79659990 ,-0.51033260 
0450,-0.87789771 ,-0.56105771 ,-1.77468150 
0451,0.90079067 ,-0.96725868 ,5.77982581 
0452,-0.97518011 ,-0.56754534 ,-3.05751121 
0453,0.28489853 ,0.03398188 ,-0.35097615 
0454,-0.61250532 ,-0.81825884 ,-0.26770996 
0455,-0.98441418 ,0.20540264 ,0.12067829 
0456,-0.38376462 ,0.48888890 ,-0.00187381 
0457,-0.47513616 ,0.02847612 ,-0.63271660 
0458,-0.31757771 ,0.67828361 ,0.98132260 
0459,0.25292900 ,-0.63744966 ,0.82708442 
0460,0.15993742 ,-0.34292839 ,0.12806646 
0461,0.10047821 ,-0.63896621 ,1.73721709 
0462,-0.88862302 ,-0.93188563 ,-0.26195846 
0463,-0.84521991 ,0.80114458 ,2.30599802 
0464,-0.20860306 ,-0.66156947 ,0.27666177 
0465,-0.16756373 ,0.45752697 ,-0.72213377 
0466,0.90361491 ,0.82397004 ,4.32584654 
0467,-0.30799759 ,-0.41951158 ,1.58653963 
0468,-0.57993841 ,-0.73824690 ,0.02648854 
0469,0.81092550 ,-0.19493953 ,3.13546310 
0470,-0.84252103 ,0.86611972 ,1.27950529 
0471,-0.24501565 ,0.32986288 ,0.40501882 
0472,-0.33301574 ,0.38531773 ,-0.90681648 
0473,0.91742719 ,0.42366491 ,1.37197793 
0474,-0.11444565 ,0.26598714 ,1.76353185 
0475,0.05866194 ,0.25294885 ,1.10628981 
0476,0.84639505 ,-0.69433172 ,5.31628078 
0477,-0.37504800 ,0.38779792 ,1.12501814 
0478,-0.01865807 ,0.61164702 ,-0.94808835 
0479,0.09975829 ,-0.22243133 ,2.16596499 
0480,0.35224016 ,0.65679390 ,-0.07667407 
0481,-0.44154533 ,0.53527233 ,-1.08766657 
0482,-0.93187574 ,-0.12689621 ,1.37870366 
0483,-0.47582207 ,0.13949100 ,-1.07984019 
0484,-0.94632274 ,0.00083838 ,1.59281696 
0485,-0.48203516 ,-0.90822999 ,-0.63251263 
0486,0.32146429 ,-0.34118062 ,2.51016844 
0487,-0.97399175 ,0.43613571 ,0.27723501 
0488,-0.93298948 ,-0.18796920 ,0.45943930 
0489,0.84267283 ,0.96803149 ,2.44384677 
0490,0.79261219 ,0.73140642 ,3.02023056 
0491,0.10995770 ,-0.16225571 ,0.18861335 
0492,0.30924149 ,0.72792982 ,-0.08607593 
0493,0.68032788 ,-0.85848951 ,4.58461910 
0494,-0.46366113 ,-0.69415764 ,0.90484695 
0495,-0.36725037 ,0.91822371 ,0.12846346 
0496,0.47721703 ,-0.97448866 ,4.62592502 
0497,0.15290264 ,0.61475764 ,0.18946090 
0498,0.75645679 ,0.80474585 ,0.66241067 
0499,-0.61483983 ,0.58195130 ,-0.81637094 
0500,-0.22034562 ,-0.40006829 ,0.14104015 
0501,0.58515098 ,0.56545789 ,1.08327488 
0502,-0.49329532 ,-0.85809083 ,0.54021899 
0503,-0.95063706 ,-0.87591502 ,-1.68183369 
0504,-0.09877186 ,0.34467169 ,2.02893289 
0505,-0.00310915 ,-0.90243099 ,1.25145332 
0506,0.28326234 ,0.57277329 ,-0.30126925 
0507,-0.00426398 ,0.63686923 ,-0.01058783 
0508,0.07284922 ,-0.33825372 ,0.27363660 
0509,0.58801248 ,-0.31358356 ,2.60097214 
0510,-0.26435266 ,0.35914124 ,-0.18004346 
0511,0.30355369 ,-0.01777250 ,0.07817694 
0512,-0.04503158 ,-0.86682475 ,1.11553772 
0513,0.93818392 ,0.56144206 ,3.20482485 
0514,0.53130123 ,0.51316161 ,1.22155167 
0515,0.54031370 ,0.95732186 ,-0.43211751 
0516,-0.20784612 ,-0.01587870 ,-0.87488094 
0517,-0.92606756 ,0.94876265 ,2.23950499 
0518,-0.70407034 ,-0.70421089 ,0.21898456 
0519,-0.23801296 ,-0.84717711 ,0.55142439 
0520,-0.71401889 ,0.59784024 ,2.51149231 
0521,-0.99056104 ,0.30008116 ,0.78819773 
0522,-0.49275432 ,0.68636183 ,-0.92712347 
0523,-0.94627923 ,-0.81338567 ,0.41209563 
0524,0.42280525 ,0.56681357 ,0.96907266 
0525,0.65083092 ,-0.92995483 ,4.84957603 
0526,-0.50066249 ,-0.03820632 ,0.56859340 
0527,-0.43863037 ,0.19828502 ,-2.38815514 
0528,-0.68960267 ,0.66782174 ,-1.47233820 
0529,0.65957607 ,-0.32385028 ,3.57293769 
0530,-0.89526736 ,0.46861813 ,0.40112389 
0531,0.88659988 ,-0.42045517 ,3.95275210 
0532,-0.77248928 ,0.92970142 ,0.68980144 
0533,-0.83087360 ,0.43335283 ,0.21847180 
0534,-0.34382452 ,0.50704828 ,0.53498191 
0535,-0.49256730 ,0.06885003 ,-0.80682758 
0536,-0.68459171 ,0.20096241 ,0.40409307 
0537,-0.78448284 ,0.79996287 ,0.90579277 
0538,-0.14528663 ,-0.69523834 ,0.47100827 
0539,-0.10526241 ,0.06556688 ,-0.67233003 
0540,0.54622963 ,0.76336229 ,1.91824006 
0541,-0.18713559 ,0.20835749 ,0.01552711 
0542,-0.74506633 ,-0.00761601 ,-0.97327838 
0543,0.15714893 ,0.88721787 ,-0.20225794 
0544,-0.93374312 ,0.85886776 ,2.23204418 
0545,-0.28338616 ,-0.48002177 ,1.44311798 
0546,0.02316449 ,0.12505431 ,0.28147470 
0547,-0.81520681 ,0.74515793 ,3.07686546 
0548,-0.80681153 ,0.69176501 ,1.53664959 
0549,-0.97731772 ,0.04736541 ,0.17371784 
0550,-0.22970930 ,0.29860410 ,0.78870872 
0551,0.15137196 ,0.26383830 ,-0.47203338 
0552,0.67967285 ,-0.14633009 ,3.09056861 
0553,0.66693396 ,-0.45962907 ,3.31325860 
0554,0.10850919 ,-0.11226929 ,-0.87912359 
0555,0.48876262 ,-0.93476910 ,3.87317280 
0556,-0.92547544 ,0.95159551 ,1.66274423 
0557,0.81925996 ,-0.23350416 ,5.23836332 
0558,-0.48996478 ,0.81809968 ,1.30619400 
0559,-0.20296568 ,0.25004000 ,-0.28296197 
0560,0.78902377 ,-0.57166839 ,3.03920900 
0561,0.76116292 ,-0.52975673 ,3.70877597 
0562,0.28183407 ,-0.39095104 ,2.55839187 
0563,0.76737742 ,0.89074592 ,0.93624584 
0564,0.60264013 ,-0.68577342 ,4.15507257 
0565,0.39797071 ,-0.82826213 ,3.37360227 
0566,0.77713304 ,-0.47266798 ,3.08248328 
0567,0.67931446 ,-0.00891994 ,1.20200474 
0568,-0.53846369 ,0.31590791 ,-0.12805745 
0569,-0.41634253 ,0.24460997 ,0.09733671 
0570,-0.43853793 ,-0.17545368 ,-1.16575013 
0571,0.56278404 ,-0.72902570 ,5.45419277 
0572,-0.42072783 ,-0.00088415 ,0.47024821 
0573,0.35412413 ,-0.70037654 ,3.53457767 
0574,-0.74197391 ,0.89189258 ,2.00464859 
0575,0.03000923 ,0.35881749 ,0.78972347 
0576,-0.74907929 ,0.50448610 ,0.81709993 
0577,0.56286065 ,-0.61823467 ,3.12008777 
0578,-0.97108651 ,-0.34942902 ,-1.05313477 
0579,-0.09896508 ,0.14454986 ,0.55662810 
0580,-0.16052678 ,0.06507309 ,0.70382081 
0581,0.79816368 ,0.08966680 ,3.50695013 
0582,-0.89634658 ,0.61720504 ,0.02160494 
0583,-0.54263377 ,0.64480362 ,-0.09094476 
0584,-0.94373286 ,0.91073953 ,2.22669974 
0585,0.72112423 ,0.87818703 ,1.66696421 
0586,0.83484750 ,-0.48661666 ,6.45901433 
0587,0.84008558 ,-0.39987312 ,3.62850445 
0588,0.53479747 ,-0.83009557 ,4.20224122 
0589,-0.10422071 ,0.30249733 ,-2.30350290 
0590,0.06289848 ,0.26760172 ,-1.86704043 
0591,-0.05925733 ,0.77265194 ,-1.47135258 
0592,-0.11491770 ,0.31909578 ,-0.86994144 
0593,0.90073680 ,0.38857250 ,1.90778169 
0594,0.10952465 ,0.75855697 ,0.14195009 
0595,0.50466812 ,0.78980158 ,1.29467098 
0596,-0.73828664 ,-0.62169213 ,-0.64910760 
0597,-0.94219587 ,-0.98183020 ,0.34438798 
0598,0.21809865 ,0.83784686 ,0.39560304 
0599,-0.39770610 ,-0.00885104 ,-1.19369446 
0600,0.46570873 ,-0.76647850 ,4.29251287 
0601,0.61957821 ,0.49046736 ,0.57061760 
0602,0.16864996 ,-0.06209579 ,-1.02976717 
0603,0.65743485 ,0.37188942 ,0.71363203 
0604,0.93896713 ,-0.63245160 ,5.45040778 
0605,-0.17763022 ,-0.52702163 ,-0.33855666 
0606,0.41075856 ,-0.63890349 ,2.79981406 
0607,-0.40765635 ,-0.07443622 ,1.46869165 
0608,-0.56822172 ,-0.99798224 ,1.07926378 
0609,0.36008389 ,0.02990361 ,0.96042319 
0610,-0.79416284 ,0.99376098 ,0.88040743 
0611,0.25048520 ,-0.21326696 ,1.02947362 
0612,-0.50644216 ,-0.90920945 ,2.14705343 
0613,-0.90350017 ,-0.36735901 ,-0.07307547 
0614,0.94480012 ,0.17292816 ,4.31624255 
0615,0.45539489 ,0.30197359 ,2.12727777 
0616,0.87755960 ,0.07016253 ,2.81693743 
0617,0.34091532 ,-0.11893106 ,-1.18290072 
0618,-0.12159250 ,0.09528548 ,-0.64294846 
0619,-0.20345601 ,0.50269730 ,-0.28704240 
0620,-0.01913393 ,-0.82264213 ,0.87312197 
0621,-0.10488195 ,0.27592179 ,0.05893522 
0622,0.98523962 ,0.86438974 ,0.89419466 
0623,0.90707995 ,-0.67440868 ,8.38368032 
0624,0.19401333 ,-0.51954576 ,-0.56692323 
0625,-0.39991757 ,0.62708965 ,-0.62490733 
0626,-0.29105381 ,-0.73597825 ,-0.73738046 
0627,-0.87570590 ,0.40368696 ,-1.81367632 
0628,0.23357448 ,-0.65245683 ,2.76354246 
0629,-0.00260719 ,-0.43097862 ,1.11203692 
0630,0.63671977 ,0.87633881 ,-0.44127260 
0631,-0.78715779 ,-0.78641117 ,-0.73841089 
0632,-0.52078460 ,-0.30771960 ,-0.88616297 
0633,-0.22587137 ,-0.15792326 ,0.19005059 
0634,0.57510595 ,-0.46001115 ,4.83986632 
0635,0.48093676 ,0.65220390 ,-0.40989835 
0636,-0.86912763 ,0.22070052 ,0.32848092 
0637,-0.77676457 ,-0.80835254 ,0.21124656 
0638,0.62446522 ,0.62915635 ,0.09148996 
0639,0.46255741 ,0.80771315 ,0.41841835 
0640,-0.85862465 ,-0.51744369 ,0.39435359 
0641,-0.91901677 ,-0.15095447 ,-0.11209238 
0642,0.90765568 ,-0.58218852 ,4.04848767 
0643,0.29244014 ,-0.78317782 ,4.38801363 
0644,-0.50331192 ,0.21271144 ,1.58909237 
0645,0.66010843 ,-0.02192134 ,2.72221135 
0646,0.83021587 ,0.80194991 ,0.22013909 
0647,0.09412221 ,0.56941896 ,-1.68125809 
0648,0.49377830 ,-0.04888355 ,1.86311221 
0649,-0.47890384 ,-0.83035508 ,-0.84701833 
0650,0.83425872 ,-0.05896361 ,2.26978403 
0651,0.52594095 ,0.54434421 ,-0.07810409 
0652,0.75997239 ,0.59634037 ,0.75417855 
0653,0.33808883 ,-0.40741227 ,3.00446699 
0654,-0.43607913 ,-0.66224006 ,0.85218557 
0655,-0.04573130 ,0.30688908 ,1.46562602 
0656,-0.37394502 ,-0.84712108 ,2.02524660 
0657,-0.26923204 ,0.17019878 ,-1.02504017 
0658,-0.84616212 ,-0.69267447 ,1.05213668 
0659,-0.39808652 ,-0.23223102 ,-0.07792335 
0660,0.63474105 ,0.53253244 ,0.89180327 
0661,-0.62027504 ,0.29300351 ,-2.40304150 
0662,-0.43422419 ,0.27720119 ,-0.00410344 
0663,-0.34942159 ,0.97790250 ,-0.68433708 
0664,0.47175397 ,-0.68676596 ,3.12321719 
0665,0.66448644 ,-0.28018088 ,1.59554637 
0666,0.11385109 ,-0.45213955 ,0.65444377 
0667,0.39930970 ,-0.02819019 ,0.78757252 
0668,-0.79757092 ,-0.59683135 ,-1.34540565 
0669,-0.35242169 ,0.90109010 ,0.23721364 
0670,-0.50462858 ,-0.12544749 ,-0.24005320 
0671,0.09539142 ,0.21810899 ,1.08737291 
0672,-0.23860810 ,0.49791123 ,-0.99434824 
0673,-0.88375236 ,-0.32058608 ,1.06923321 
0674,-0.24490466 ,0.94520986 ,0.64315133 
0675,-0.32352767 ,0.85596745 ,0.86628799 
0676,0.70141292 ,-0.48641617 ,3.14508509 
0677,0.55989382 ,0.40279046 ,1.02877967 
0678,0.93533550 ,-0.04767701 ,4.47756869 
0679,0.00690679 ,0.53754575 ,-0.56918616 
0680,-0.09348148 ,-0.73429206 ,1.26896036 
0681,0.13047387 ,0.29727320 ,0.34671947 
0682,-0.55910351 ,0.71578154 ,2.71409762 
0683,-0.41596023 ,0.45173952 ,-0.93550056 
0684,-0.45463755 ,-0.65945082 ,0.57418735 
0685,0.07170332 ,0.65821884 ,-0.35568398 
0686,-0.64768844 ,-0.13762727 ,-0.55185447 
0687,0.57044182 ,-0.73869681 ,2.07570073 
0688,0.25501295 ,-0.94182490 ,2.45852992 
0689,0.38911120 ,0.03135791 ,1.19118381 
0690,0.61696702 ,0.58737206 ,1.03167866 
0691,-0.44673588 ,-0.76067012 ,0.48109065 
0692,0.94057798 ,0.88505263 ,2.10883067 
0693,-0.81881970 ,-0.85058377 ,-0.64560551 
0694,-0.93662468 ,0.44987262 ,-1.48839668 
0695,0.27185363 ,0.57969512 ,0.24326674 
0696,-0.24517215 ,0.64317223 ,-0.71199423 
0697,-0.36125381 ,0.56995978 ,-0.28929393 
0698,-0.47800654 ,0.46495105 ,-0.78408131 
0699,0.84215044 ,-0.55555308 ,4.30869570 
0700,-0.85259689 ,0.53910332 ,1.72453961 
0701,0.48085107 ,0.51649757 ,1.93301900 
0702,-0.06715008 ,0.57399298 ,-0.41721912 
0703,0.88745992 ,-0.99737120 ,7.70624995 
0704,0.14038837 ,-0.30705889 ,0.90818507 
0705,-0.40043060 ,-0.68185436 ,0.47031745 
0706,0.36840557 ,0.58481873 ,-0.51040481 
0707,-0.49985053 ,-0.30999323 ,-1.40952118 
0708,0.85497107 ,0.51214487 ,1.39317627 
0709,0.21235975 ,0.53205873 ,0.71756166 
0710,0.80396238 ,0.19141430 ,0.93093625 
0711,-0.56391325 ,0.73881698 ,-0.04962422 
0712,0.32241830 ,0.56696968 ,-0.77979581 
0713,0.10885058 ,-0.54082921 ,-0.28170402 
0714,0.53327879 ,-0.95633350 ,4.02338771 
0715,-0.49491969 ,-0.59156616 ,0.29554524 
0716,0.82948416 ,-0.98619491 ,6.97521633 
0717,0.59934159 ,0.81559788 ,2.04893148 
0718,-0.76027302 ,0.03793953 ,0.88736645 
0719,0.27404560 ,0.90782075 ,1.33353070 
0720,0.93321049 ,-0.86531162 ,6.50544566 
0721,-0.35832011 ,-0.73189588 ,-0.23802890 
0722,0.61189532 ,0.04952853 ,2.82551964 
0723,0.97668015 ,-0.18021164 ,4.01625732 
0724,-0.54629182 ,-0.10793808 ,-1.20874953 
0725,-0.08180721 ,-0.13418934 ,-0.74835278 
0726,-0.73257098 ,-0.16154316 ,-0.42623988 
0727,-0.35135089 ,0.36937760 ,-0.57331038 
0728,-0.12867384 ,0.58604703 ,1.99017059 
0729,0.50422531 ,0.57851188 ,0.69442043 
0730,0.11036385 ,0.26149948 ,-0.55872991 
0731,-0.50864764 ,0.23145029 ,-1.14414446 
0732,0.53393521 ,-0.46554182 ,1.56403617 
0733,-0.40687645 ,0.11272995 ,1.46359561 
0734,0.37824942 ,0.43576280 ,0.61092550 
0735,0.06670842 ,0.75144801 ,-0.92598107 
0736,-0.08386612 ,-0.58350959 ,1.38650266 
0737,0.09338406 ,-0.28522361 ,1.36616317 
0738,-0.78155501 ,-0.98677847 ,0.21296507 
0739,0.31835213 ,0.16001286 ,2.17696205 
0740,0.27201230 ,0.05112250 ,-0.72606098 
0741,-0.89765827 ,0.46390026 ,-0.29976843 
0742,-0.43920599 ,-0.48114510 ,-0.02100290 
0743,0.08253694 ,0.57622637 ,1.65726323 
0744,0.57508106 ,0.93885571 ,-0.49531538 
0745,0.86119793 ,-0.90969625 ,4.91036972 
0746,-0.98228994 ,0.34318707 ,3.58026899 
0747,0.14483262 ,-0.68907742 ,1.70305101 
0748,0.13546576 ,-0.62345645 ,0.77315178 
0749,0.43207469 ,0.10585742 ,-0.61149666 
0750,-0.23927288 ,-0.20686151 ,-0.13204990 
0751,-0.96119700 ,0.15516012 ,1.62165011 
0752,-0.78625444 ,0.46429952 ,1.48892426 
0753,0.21777108 ,0.43933122 ,-0.38231414 
0754,-0.08195521 ,-0.90394277 ,1.30090650 
0755,-0.27656724 ,-0.42483189 ,1.41742025 
0756,-0.09894381 ,0.61326504 ,0.08118586 
0757,-0.43408425 ,-0.86338152 ,-1.06581819 
0758,0.27504528 ,-0.15142884 ,1.71855238 
0759,-0.16535823 ,-0.69188335 ,0.76207050 
0760,0.87418274 ,0.32191013 ,2.30970047 
0761,-0.48201892 ,0.69582432 ,0.87410193 
0762,-0.24600033 ,-0.86543963 ,-0.09589017 
0763,0.15149523 ,-0.62822994 ,1.17519143 
0764,-0.07667179 ,-0.30604512 ,-0.41328521 
0765,-0.08017084 ,-0.52821016 ,-0.76723001 
0766,0.31690691 ,-0.68239288 ,3.45027605 
0767,-0.18284046 ,-0.34521624 ,1.33490268 
0768,0.49270384 ,-0.65209007 ,2.36385228 
0769,-0.65192495 ,0.25481833 ,0.53565552 
0770,0.02016571 ,-0.66847251 ,1.51887026 
0771,0.81407459 ,-0.56292452 ,6.19304420 
0772,-0.57632811 ,0.67332988 ,1.03615692 
0773,0.04675495 ,-0.04527441 ,1.02145014 
0774,-0.86984760 ,0.01891225 ,-0.14293992 
0775,0.46713488 ,-0.54000754 ,1.29665278 
0776,-0.72202222 ,0.53901489 ,1.20647770 
0777,-0.22641117 ,0.98685558 ,-0.55737512 
0778,-0.72567793 ,-0.23049274 ,-0.34326126 
0779,0.26767085 ,0.08321277 ,-0.20581974 
0780,-0.68134655 ,-0.69476753 ,-1.56725627 
0781,0.41960623 ,-0.07027107 ,-0.52747313 
0782,0.40175771 ,-0.64002773 ,4.04064680 
0783,0.02791221 ,0.09687672 ,-0.82289645 
0784,0.56917775 ,0.05297927 ,1.89196755 
0785,-0.15591848 ,0.44231262 ,-2.81116470 
0786,0.18972384 ,0.72395473 ,-0.21377592 
0787,0.30515478 ,-0.39305376 ,1.75672615 
0788,-0.44219538 ,0.59912468 ,0.26631162 
0789,0.90817381 ,-0.11132367 ,3.73251682 
0790,0.19963428 ,0.68524366 ,-2.40045264 
0791,-0.62545972 ,0.88718880 ,2.43473169 
0792,-0.09403122 ,0.62166510 ,1.88152882 
0793,0.34543456 ,-0.25533544 ,0.94926019 
0794,-0.12235216 ,0.35729840 ,-0.52761519 
0795,0.90652834 ,-0.29060404 ,3.64272424 
0796,0.79172009 ,0.09086852 ,3.07311158 
0797,-0.75024560 ,-0.09353036 ,-2.24634295 
0798,0.32668123 ,0.40730328 ,1.53885874 
0799,0.32014382 ,0.38020984 ,1.14161538 
0800,-0.06419655 ,-0.08304264 ,0.97957337 
0801,0.64953447 ,-0.61912779 ,2.15231597 
0802,-0.88637008 ,-0.71412884 ,-1.24336426 
0803,0.25168956 ,-0.94096959 ,2.84479779 
0804,0.35688554 ,-0.77042206 ,2.03213304 
0805,-0.42183880 ,-0.65448741 ,-0.39636625 
0806,0.60222020 ,-0.40073260 ,3.66806699 
0807,0.10554166 ,0.10938344 ,1.08788609 
0808,0.54724965 ,0.80169421 ,-0.92700454 
0809,0.58815363 ,-0.62117325 ,1.59508042 
0810,-0.74522562 ,-0.73252863 ,-1.33367519 
0811,0.87051959 ,-0.45353989 ,7.38623886 
0812,0.27630100 ,0.74506164 ,-0.04237477 
0813,-0.52759619 ,-0.62536352 ,0.01890388 
0814,-0.48976709 ,-0.38835278 ,-1.41024931 
0815,0.17497619 ,0.92511662 ,2.17569197 
0816,-0.98411941 ,0.26805108 ,-0.35396945 
0817,-0.77188077 ,0.08163585 ,-0.77297124 
0818,0.03419699 ,0.77224575 ,-1.09344690 
0819,-0.13064696 ,-0.88192238 ,0.81885932 
0820,0.44473894 ,-0.80976154 ,3.86165457 
0821,-0.40719889 ,0.19712553 ,-0.93079602 
0822,-0.12724579 ,-0.97463540 ,0.54333589 
0823,-0.47264069 ,0.02277046 ,-0.69054380 
0824,-0.30778042 ,0.49563418 ,-0.56545463 
0825,-0.88849488 ,-0.21994372 ,-0.39626090 
0826,0.65064143 ,-0.39271286 ,4.07748375 
0827,0.13135953 ,-0.89123677 ,1.39969211 
0828,0.17820710 ,-0.04053277 ,-0.42843871 
0829,-0.52197468 ,0.56038696 ,0.36129188 
0830,-0.71174240 ,0.43226404 ,-0.39036152 
0831,-0.07522926 ,0.41456401 ,-0.85938663 
0832,-0.97122920 ,-0.85071912 ,0.15691831 
0833,-0.10799696 ,0.85324121 ,-1.54866959 
0834,-0.24916243 ,0.09199773 ,-1.78567985 
0835,0.80892647 ,0.26655400 ,3.84268952 
0836,0.26110588 ,-0.97154345 ,2.51532631 
0837,-0.77625852 ,0.25892626 ,-0.95232742 
0838,0.34798984 ,-0.04512183 ,0.46923845 
0839,0.03266596 ,0.41405650 ,0.94089729 
0840,-0.36838332 ,-0.37739564 ,-0.94422653 
0841,0.33260979 ,0.72214326 ,1.26116293 
0842,0.75167515 ,0.74247100 ,0.52427373 
0843,0.70044796 ,0.91917675 ,1.52624832 
0844,0.75003070 ,-0.86517305 ,6.10771957 
0845,-0.35180682 ,0.28069383 ,0.81630190 
0846,-0.25272465 ,0.53347512 ,-1.30033817 
0847,0.03944937 ,0.25491122 ,0.93879065 
0848,-0.38720779 ,-0.47262578 ,1.27205042 
0849,0.23006853 ,-0.81364988 ,2.73598900 
0850,-0.61594395 ,0.55392938 ,1.34933987 
0851,-0.33283678 ,-0.72917200 ,1.55829023 
0852,-0.36277253 ,-0.49524098 ,-1.34292283 
0853,-0.86198030 ,0.10382147 ,-0.48374530 
0854,0.50023160 ,-0.02563300 ,1.34317496 
0855,-0.87718298 ,-0.57261702 ,-0.21510891 
0856,-0.17871078 ,0.80192641 ,-1.99719165 
0857,-0.11298151 ,0.07562505 ,-0.97560841 
0858,0.08189445 ,0.71473639 ,-1.19414066 
0859,-0.68878180 ,-0.87724446 ,0.73755693 
0860,-0.96279472 ,-0.41779413 ,1.13915731 
0861,0.52928091 ,-0.51263214 ,3.95345814 
0862,-0.72429098 ,0.25962333 ,1.61884628 
0863,0.79959667 ,-0.30326320 ,3.72810026 
0864,0.35903499 ,0.40824378 ,0.20813204 
0865,-0.27145541 ,-0.43946955 ,-2.27350491 
0866,-0.11075006 ,-0.66858741 ,0.54259493 
0867,0.84116934 ,0.02266877 ,4.54670665 
0868,-0.81613212 ,0.98607435 ,-0.37793300 
0869,-0.37370501 ,0.57075022 ,0.33359360 
0870,-0.06818329 ,-0.40373731 ,-0.83306003 
0871,-0.40998209 ,-0.66674583 ,-0.49829155 
0872,-0.78032064 ,0.66417592 ,0.74056915 
0873,0.41215526 ,-0.92197262 ,3.97286386 
0874,0.33872834 ,-0.92559693 ,2.12713516 
0875,-0.71507129 ,0.72481092 ,-0.58251410 
0876,0.06338307 ,0.04444260 ,0.17791598 
0877,-0.33393489 ,-0.17316690 ,-0.66425876 
0878,0.96784357 ,-0.88452140 ,6.98227357 
0879,0.58264116 ,0.18837093 ,0.38362179 
0880,0.80360581 ,-0.81374602 ,5.18997711 
0881,0.77392323 ,0.31486335 ,2.83428458 
0882,-0.05210275 ,-0.71751168 ,1.75470629 
0883,0.76525225 ,-0.12512291 ,4.47102703 
0884,-0.34971320 ,-0.26472140 ,0.34555322 
0885,-0.80138257 ,0.90356312 ,-0.64054097 
0886,-0.90309090 ,-0.11451923 ,0.07463775 
0887,0.82704123 ,0.06650872 ,3.80440979 
0888,0.12532071 ,0.50175290 ,-1.06247519 
0889,-0.04643030 ,-0.49934095 ,0.37677489 
0890,0.93389821 ,-0.58239128 ,5.65566451 
0891,-0.54890774 ,0.13439575 ,1.32867103 
0892,0.90935317 ,-0.75224498 ,4.72501649 
0893,0.29300542 ,-0.74366185 ,1.77494090 
0894,0.31845411 ,-0.94520230 ,4.83659841 
0895,0.07866189 ,-0.25233017 ,1.33322211 
0896,0.89482275 ,-0.23544530 ,5.20563743 
0897,0.20414263 ,0.55051542 ,0.28289294 
0898,-0.24764039 ,0.70129840 ,-1.01797464 
0899,0.59391657 ,0.99376201 ,0.29333618 
0900,0.42076195 ,0.32928413 ,0.34940290 
0901,-0.00346020 ,0.89824605 ,2.23639924 
0902,0.46584662 ,-0.23063999 ,-0.10868210 
0903,0.16586717 ,0.12942528 ,-0.56033170 
0904,0.76040164 ,0.24906027 ,2.69832403 
0905,-0.40851718 ,-0.85064015 ,-0.07145998 
0906,-0.53052038 ,-0.30820524 ,0.30488276 
0907,-0.67927124 ,-0.68427125 ,-0.18624692 
0908,0.20660200 ,-0.67720606 ,2.45065331 
0909,0.68788115 ,0.56453842 ,-0.26377686 
0910,-0.37060208 ,-0.63360886 ,-0.23982960 
0911,-0.34664277 ,-0.44036742 ,1.78594080 
0912,-0.20061517 ,-0.24115369 ,0.16817542 
0913,-0.86298663 ,-0.58952468 ,0.15294358 
0914,0.15029523 ,-0.59953499 ,2.61061749 
0915,-0.15254000 ,0.08950193 ,-0.20344552 
0916,-0.62978436 ,-0.83662057 ,-0.11441552 
0917,-0.93889045 ,-0.13003169 ,-0.00463497 
0918,0.27756426 ,-0.93156517 ,3.39232957 
0919,-0.66135210 ,0.18676495 ,0.25042130 
0920,0.54471917 ,-0.88745277 ,5.15398875 
0921,-0.23143135 ,-0.20076208 ,-0.77000371 
0922,0.11078022 ,-0.40915979 ,0.29456666 
0923,-0.30190334 ,0.26044811 ,0.03475705 
0924,0.98419267 ,0.88872252 ,1.91151853 
0925,-0.61400411 ,0.83915228 ,0.11491896 
0926,0.10171886 ,0.83864831 ,-0.57464631 
0927,-0.48460740 ,-0.14590409 ,-0.26115015 
0928,0.79904279 ,-0.56354877 ,5.99668636 
0929,-0.13203724 ,0.56964485 ,-0.26422098 
0930,-0.33744629 ,-0.13681271 ,0.57491801 
0931,0.83242416 ,0.78005598 ,1.01670337 
0932,-0.76017449 ,0.78690484 ,1.19204615 
0933,-0.91944385 ,0.00943193 ,1.95542766 
0934,-0.22854307 ,-0.41589624 ,-0.96162333 
0935,-0.59810329 ,-0.23938787 ,-0.16898557 
0936,-0.46322805 ,0.24488528 ,0.33263177 
0937,-0.79205748 ,0.45848062 ,0.71408968 
0938,-0.05069075 ,0.86582422 ,-1.39683867 
0939,0.19821384 ,-0.53287058 ,0.78130960 
0940,0.15971853 ,0.68439631 ,0.10594059 
0941,0.67976598 ,-0.59009545 ,4.36241534 
0942,-0.65195823 ,-0.42092036 ,-3.03612806 
0943,0.40299278 ,0.90418274 ,0.81503794 
0944,0.51345478 ,0.08417815 ,0.16022605 
0945,-0.51025031 ,-0.42736356 ,0.77646470 
0946,-0.53860931 ,0.07464283 ,-1.81883187 
0947,-0.13191741 ,-0.71557606 ,0.10737731 
0948,0.58712125 ,0.62563130 ,1.38024675 
0949,0.08075147 ,0.63572662 ,0.56831399 
0950,-0.91358230 ,-0.70810804 ,-1.07555992 
0951,-0.50659784 ,-0.65943451 ,-0.75201439 
0952,-0.44907785 ,0.90321325 ,-0.38098215 
0953,-0.40535612 ,-0.19114758 ,-1.09433320 
0954,0.51462217 ,-0.28051221 ,0.72131429 
0955,0.23436512 ,-0.28896109 ,0.48645869 
0956,-0.86302343 ,0.73432374 ,0.72702699 
0957,-0.84476923 ,0.80984239 ,0.61029766 
0958,0.22775569 ,0.32371588 ,-1.11364927 
0959,0.91997246 ,0.33021197 ,2.84755328 
0960,0.73793774 ,0.11409493 ,0.57322766 
0961,-0.03463890 ,0.61597116 ,0.95187718 
0962,0.14460879 ,-0.98203029 ,3.65791737 
0963,-0.10114682 ,0.31923354 ,0.94669548 
0964,0.60947803 ,-0.94168884 ,6.33372217 
0965,0.13470100 ,-0.84776675 ,1.27254743 
0966,-0.73309094 ,0.12894784 ,-0.16263687 
0967,-0.86215711 ,0.97686174 ,0.63604674 
0968,-0.36905402 ,-0.39868610 ,-1.09880630 
0969,0.05580260 ,-0.48795533 ,0.58615549 
0970,0.89502529 ,0.83856194 ,-0.19032987 
0971,0.18388967 ,-0.28069565 ,1.34866619 
0972,0.04710218 ,-0.47831330 ,0.83748140 
0973,0.71167180 ,0.44881257 ,0.80041352 
0974,-0.68542825 ,-0.25904896 ,0.55980097 
0975,0.36952526 ,0.26839576 ,0.17489768 
0976,-0.84139551 ,0.75229070 ,0.70753539 
0977,-0.02467279 ,-0.07934901 ,0.10331661 
0978,-0.45601122 ,-0.53684032 ,0.33224020 
0979,0.81739465 ,0.20728570 ,1.72372147 
0980,0.19718100 ,0.33697429 ,1.89895353 
0981,-0.82532895 ,0.07802070 ,-0.66475412 
0982,0.23430699 ,0.11775175 ,-0.16928109 
0983,-0.79096094 ,-0.98004469 ,-0.54690572 
0984,-0.35469526 ,0.55895301 ,-0.90235367 
0985,0.23913723 ,0.98577144 ,0.33881524 
0986,0.07955164 ,-0.53549049 ,1.92051867 
0987,0.77798469 ,0.71961525 ,1.75233550 
0988,0.30950429 ,0.83002799 ,-0.17517904 
0989,-0.42047849 ,0.26376460 ,-0.76621208 
0990,0.24405758 ,-0.90493161 ,4.09915308 
0991,-0.58647170 ,0.21472791 ,-0.86968072 
0992,0.43547414 ,-0.94401341 ,2.84029156 
0993,0.85412828 ,-0.82445648 ,5.38153339 
0994,0.05236179 ,-0.50671575 ,1.07345546 
0995,0.56173570 ,0.04376476 ,3.38973391 
0996,-0.70577604 ,-0.16646860 ,-1.33015270 
0997,0.19620063 ,-0.92705029 ,0.86004437 
0998,-0.35423499 ,-0.80324294 ,-0.47624158 
0999,-0.25767240 ,-0.92047676 ,1.47475600 
1000,0.28268272 ,-0.65187828 ,0.77821832 
